{
    "active": {
        "precision": 0.8330578512396695,
        "recall": 0.8470588235294118,
        "f1-score": 0.84,
        "support": 595.0
    },
    "churned": {
        "precision": 0.9081735620585267,
        "recall": 0.8991008991008991,
        "f1-score": 0.9036144578313253,
        "support": 1001.0
    },
    "accuracy": 0.8796992481203008,
    "macro avg": {
        "precision": 0.870615706649098,
        "recall": 0.8730798613151554,
        "f1-score": 0.8718072289156626,
        "support": 1596.0
    },
    "weighted avg": {
        "precision": 0.8801698979374616,
        "recall": 0.8796992481203008,
        "f1-score": 0.8798985415345593,
        "support": 1596.0
    }
}