{
    "active": {
        "precision": 0.7661927330173776,
        "recall": 0.8151260504201681,
        "f1-score": 0.7899022801302932,
        "support": 595.0
    },
    "churned": {
        "precision": 0.885773624091381,
        "recall": 0.8521478521478522,
        "f1-score": 0.8686354378818737,
        "support": 1001.0
    },
    "accuracy": 0.8383458646616542,
    "macro avg": {
        "precision": 0.8259831785543793,
        "recall": 0.83363695128401,
        "f1-score": 0.8292688590060835,
        "support": 1596.0
    },
    "weighted avg": {
        "precision": 0.8411930287348447,
        "recall": 0.8383458646616542,
        "f1-score": 0.8392831641586967,
        "support": 1596.0
    }
}