{
    "active": {
        "precision": 0.78,
        "recall": 0.8521008403361344,
        "f1-score": 0.8144578313253013,
        "support": 595.0
    },
    "churned": {
        "precision": 0.9069767441860465,
        "recall": 0.8571428571428571,
        "f1-score": 0.8813559322033898,
        "support": 1001.0
    },
    "accuracy": 0.8552631578947368,
    "macro avg": {
        "precision": 0.8434883720930233,
        "recall": 0.8546218487394958,
        "f1-score": 0.8479068817643456,
        "support": 1596.0
    },
    "weighted avg": {
        "precision": 0.8596389228886169,
        "recall": 0.8552631578947368,
        "f1-score": 0.8564158507356814,
        "support": 1596.0
    }
}